{
    "cs_office": [
      {
        "grenade": {
          "run": 40.0
        },
        "in_range_draw_mp": 0.0,
        "name": [
          "BackWay",
          "Wall / Trash"
        ],
        "position": [
          774.0065307617188,
          -1502.766357421875,
          -282.9685363769531
        ],
        "viewangles": [
          -21.5,
          80.0
        ],
        "weapon": "weapon_molotov"
      },
      {
        "grenade": {
          "run": 5.0
        },
        "in_range_draw_mp": 0.0,
        "name": [
          "Unnamed",
          "Paper"
        ],
        "position": [
          755.6157836914063,
          -1498.49462890625,
          -279.96875
        ],
        "viewangles": [
          -18.64508819580078,
          78.92399597167969
        ],
        "weapon": "weapon_molotov"
      },
    ]
}
